crsp_fundno,model,n_obs,alpha_daily,alpha_annual,alpha_t,alpha_p,r2,beta_mktrf,beta_smb,beta_hml,beta_mom,alpha_q
004717,CAPM,6876,3.0805482630363965e-05,0.007762981622851719,1.0257111850309268,0.30502774057616056,0.9512976049878111,0.9042490248880904,,,,0.5865918088003087
004905,CAPM,6876,4.029514850326701e-05,0.010154377422823286,0.8516935573100626,0.39438419740170394,0.8135716966998313,0.634069286431796,,,,0.6573069956695066
005079,CAPM,6876,3.2308523344378745e-06,0.0008141747882783444,0.07031870060064226,0.9439399984228144,0.9204473918906331,1.0422287457517272,,,,0.9618838512905444
005846,CAPM,6350,9.304076974839423e-05,0.023446273976595346,2.718939171746344,0.0065491650699166385,0.025850959607123025,-0.03546721243313808,,,,0.1021695077641488
007826,CAPM,6876,2.0543519821105997e-05,0.0051769669949187115,0.24948554564230307,0.8029852203972554,0.7659582773781761,1.0323383757283386,,,,0.8886396930998621
009980,CAPM,6876,7.7497061834224e-05,0.01952925958222445,1.0458600345492925,0.2956256585615007,0.7061898935089701,0.7880045739850509,,,,0.5865918088003087
010063,CAPM,5684,-0.0001130070355575485,-0.02847777296050222,-2.644814935331917,0.008173560621131904,0.9042352107072532,0.8320809068592976,,,,0.1021695077641488
011809,CAPM,6876,0.00011396409636945892,0.028718952285103648,2.6543916030330945,0.00794515618904664,0.8985330683590744,0.8805210996032655,,,,0.1021695077641488
011974,CAPM,6876,0.00010683249897205921,0.02692178974095892,1.9567734373526597,0.0503741113794396,0.839231716421505,0.7688385449868418,,,,0.251870556897198
011980,CAPM,6876,4.219038104779934e-05,0.010631976024045434,0.9078814272478616,0.3639408712483856,0.9209011769481348,1.076021184970763,,,,0.6573069956695066
012009,CAPM,6876,6.272697394724234e-05,0.01580719743470507,2.206546445090932,0.027345762015068033,0.0009548532939998022,-0.004331877187384491,,,,0.19833766724980426
012017,CAPM,6876,0.00013852260414482832,0.03490769624449674,1.217194728776264,0.22353013528402554,0.7514754625000546,1.299710479717807,,,,0.5080230347364217
012026,CAPM,6876,9.477952530767742e-05,0.02388444037753471,1.05880811199598,0.28968717852726233,0.6372850382070676,0.7763338132157582,,,,0.5865918088003087
013216,CAPM,6876,5.515999625129983e-05,0.013900319055327558,1.6812410785975775,0.09271609746349362,0.9409215540783231,0.889498902422859,,,,0.33415124069751273
014031,CAPM,6876,8.111470807218787e-05,0.020440906434191344,2.200558793917614,0.027767273414972597,0.9351497408021782,0.9569106584521777,,,,0.19833766724980426
019609,CAPM,6876,7.333583815994371e-05,0.018480631216305814,1.4659984271367101,0.14264871535639273,0.8904569425693762,0.8914494330477505,,,,0.3753913562010335
021120,CAPM,6876,3.7322033029342295e-05,0.009405152323394258,0.34267504801357385,0.7318429361924809,0.7144114198823335,1.1630495134979484,,,,0.8712415907053342
022641,CAPM,6876,1.132056601514328e-05,0.0028527826358161067,0.10306498360052366,0.9179113960225205,0.7435589012949815,1.2308699444474636,,,,0.9561577041901255
024805,CAPM,6350,4.0236317071944207e-05,0.01013955190212994,0.3485743787631618,0.7274088654685147,0.7285075629543406,1.199068015406833,,,,0.8712415907053342
024833,CAPM,5325,4.4558597604450296e-05,0.011228766596321474,0.8686010420362594,0.38506538433489124,0.9107143378817197,0.9863494531791414,,,,0.6573069956695066
026970,CAPM,6876,6.521579060289313e-06,0.0016434379231929069,0.1743455066999842,0.8615939376684107,0.9196150859881529,0.8310937920847765,,,,0.9165892953919264
026982,CAPM,6876,-7.556567018863947e-06,-0.0019042548887537145,-0.3738816977738305,0.7084923336548241,0.98193508789246,0.9830007311947464,,,,0.8712415907053342
026985,CAPM,6876,2.0183886678490443e-05,0.005086339442979592,0.4436628559990351,0.6572863540237142,0.9255457136759474,1.0690963043318884,,,,0.8426748128509155
026998,CAPM,6876,6.504276746522878e-05,0.016390777401237653,0.8782604551472736,0.3798023907837982,0.8248473889557781,1.0662379985449952,,,,0.6573069956695066
027045,CAPM,6876,5.2094068524876874e-05,0.013127705268268973,0.7181024429972982,0.47269412396105837,0.7665447742439138,0.9116057022205812,,,,0.7162032181228157
027354,CAPM,5367,3.497375698798497e-06,0.0008813386760972212,0.04778969259332608,0.9618838512905443,0.8603804455533203,1.137802712663267,,,,0.9618838512905444
030782,CAPM,6874,-0.00010462753077686296,-0.026366137755769466,-1.643665228234277,0.10024537220925381,0.8414878639978471,0.9538432545677408,,,,0.33415124069751273
031187,CAPM,6876,1.7369762792306928e-05,0.004377180223661346,0.2927901409635387,0.7696825645631429,0.7593863579693769,0.7217690349824972,,,,0.8886396930998621
031208,CAPM,6132,-3.611151578237485e-05,-0.009100101977158463,-0.6430425118208026,0.5201965154211923,0.8984022404221538,1.0766674412195998,,,,0.7649948756194004
031217,CAPM,6876,2.4137351911137058e-05,0.006082612681606539,0.4677250142735136,0.6399812504591345,0.8528765936163423,0.818797874505863,,,,0.8426748128509155
031235,CAPM,6876,6.768818981501716e-05,0.017057423833384325,2.0458550975201923,0.04077062926875801,0.8785649116090757,0.5590132876697849,,,,0.2399183691357311
031298,CAPM,4923,-5.39520035271079e-05,-0.013595904888831192,-2.021913329695704,0.0431853064444316,0.9704374056482852,0.8509278026702151,,,,0.2399183691357311
031302,CAPM,6876,0.00011273372566666565,0.028408898867999743,2.23066812887235,0.025703120273905675,0.09460714739092657,0.0773902717372993,,,,0.19833766724980426
031304,CAPM,6876,6.259845358414576e-05,0.015774810303204732,3.2437644976978803,0.0011796123271156928,0.010179614040808693,-0.012221771137535366,,,,0.058980616355784644
031363,CAPM,5477,0.00011527747251370175,0.029049923073452843,1.5851675004946073,0.11292828241835465,0.857550003780696,1.1134099930736816,,,,0.3455234554952699
031456,CAPM,6319,1.728716268076459e-05,0.0043563649955526765,0.44792751573739087,0.6542055094733746,0.9428672817951068,1.029068701914814,,,,0.8426748128509155
031461,CAPM,6319,-9.552921970623335e-06,-0.0024073363365970804,-0.7519919897306934,0.4520558759455896,0.9922779158033266,0.9845593983359209,,,,0.7063373061649838
031462,CAPM,6319,-6.592537538406318e-06,-0.0016613194596783922,-1.3105886132364213,0.18999678830812905,0.9987215193020887,1.0021675338952774,,,,0.4749919707703226
031950,CAPM,6876,5.734413123046501e-05,0.014450721070077183,0.603193710254239,0.5463798314404502,0.7500116970551445,1.0759454226590957,,,,0.7805426163435003
031959,CAPM,6876,2.009032933472249e-05,0.005062762992350068,0.46947602235587715,0.6387294198166802,0.903945842791432,0.840060667597449,,,,0.8426748128509155
036540,CAPM,4569,-0.00013675111485626895,-0.03446128094377977,-1.7777094720785924,0.07545158319259157,0.8003393509848977,0.870490619587346,,,,0.33415124069751273
052301,CAPM,3683,1.7974053496122894e-05,0.004529461481022969,1.1600613205500234,0.24602384077162986,0.9923244350760801,0.9691703252885695,,,,0.5348344364600649
052819,CAPM,3627,8.282249123831706e-05,0.0208712677920559,1.5654476850493069,0.11747797486839177,0.11095723598351637,0.06394719567037278,,,,0.3455234554952699
052832,CAPM,3646,-0.00012095784666704256,-0.030481377360094725,-1.521454465452538,0.12814582979970285,0.8519797853097231,1.0341487454184695,,,,0.3559606383325079
053175,CAPM,3599,-1.2771788205959365e-05,-0.00321849062790176,-1.7009369754807564,0.08895482247471587,0.998488711905962,0.9946204993548826,,,,0.33415124069751273
064961,CAPM,2578,3.871061161950458e-05,0.009755074128115155,0.2412922219895049,0.8093286387815997,0.3826436846733994,0.5572518901923035,,,,0.8886396930998621
087002,CAPM,2467,0.0001199105983927667,0.03021747079497721,1.2423137675977232,0.2141208176425078,0.15444078812404127,0.13317214174015288,,,,0.5080230347364217
091487,CAPM,2154,-0.00010360699190498821,-0.02610896196005703,-0.8068503135868471,0.41975272771890093,0.6604798758587562,0.6199689867678412,,,,0.6770205285788724
093577,CAPM,1926,-1.697209320633293e-05,-0.0042769674879958985,-0.2306991709362938,0.8175485176518731,0.3210471577014057,0.13552321685762309,,,,0.8886396930998621
100948,CAPM,741,4.264898843871352e-05,0.010747545086555807,1.6650182908876126,0.09590910671124864,0.9942272356568634,0.9802614276875787,,,,0.33415124069751273
004717,Carhart4,6876,4.4353637079898005e-05,0.011177116544134297,1.5373904988888816,0.1241977116338272,0.9554936695104643,0.8903823755282005,0.05079200184082171,-0.07907262160751374,-0.04900565771123852,0.3321946427759296
004905,Carhart4,6876,3.752608660930049e-05,0.009456573825543723,0.9463183197333783,0.34398625215304324,0.8668904727275322,0.6371313741007344,-0.07504140831410568,0.2334647622990475,-0.024678337678992537,0.5506748404318332
005079,Carhart4,6876,3.1499400048268795e-06,0.0007937848812163736,0.09442903714363132,0.924768350550414,0.9556158519384113,1.053834456989176,-0.04512856877696264,-0.2883379243236683,0.0622936391362503,0.9553901751322182
005846,Carhart4,6350,9.695791523303945e-05,0.02443339463872594,2.828920847331109,0.004670524870747961,0.039746027461371236,-0.03724532235381721,0.015573334037187499,-0.0403632598348168,-0.0068811126713118256,0.08737659235174526
007826,Carhart4,6876,-1.1453918126716195e-05,-0.002886387367932481,-0.27717752816452285,0.7816437938115464,0.9567583739144508,0.9734163503357123,0.8013818153429493,0.5095555156653275,-0.059429315456769716,0.9088881323390073
009980,Carhart4,6876,4.371237696023925e-05,0.011015518993980292,0.5962966307511931,0.5509770814698256,0.7263471255639459,0.8155226789834017,-0.04992850606914129,0.20188074488619978,0.1119599528064557,0.765245946485869
010063,Carhart4,5684,-0.00011799999889799613,-0.029735999722295025,-2.791736959329758,0.005242595541104715,0.9081893002843301,0.8436178587226922,-0.10523670782877953,0.016293594603094805,0.006562023658488611,0.08737659235174526
011809,Carhart4,6876,7.969461930231654e-05,0.020083044064183767,2.2409694595387077,0.025028053341540412,0.9280489544914566,0.9121817228420789,-0.01108157036235707,-0.07848862357676313,0.164227291952074,0.17877180958243152
011974,Carhart4,6876,8.655601206869091e-05,0.021812115041310108,2.1114327253259124,0.034735134702590396,0.9054845271456335,0.7544623891891498,0.26493943320027813,0.2843883137452975,-0.0006034367647561289,0.19297297056994667
011980,Carhart4,6876,4.9137214374021824e-05,0.0123825780222535,1.2879428538531457,0.197765856530408,0.9492370823209033,1.0754207769793518,0.02452064640823702,-0.28693514092800976,0.02330484087189074,0.4120122011050167
012009,Carhart4,6876,6.204428769558268e-05,0.015635160499286836,2.177859642132967,0.029416487932196467,0.004566575751884128,-0.0033276773575463257,-0.002053955121625421,-0.009594689884756433,0.005066983063321673,0.18385304957622792
012017,Carhart4,6876,0.00017492483923315787,0.04408105948675578,1.8684179862686903,0.061703831952379655,0.8227535357270757,1.265700094942813,0.21735805756434143,-0.6208951265757318,-0.06152232851850588,0.2203708284013559
012026,Carhart4,6876,8.573446195753757e-05,0.021605084413299468,0.9647577419484634,0.3346661663436803,0.6570255178647046,0.7807269000532555,0.08097618543022789,-0.1608628968961552,0.060593801919593016,0.5506748404318332
013216,Carhart4,6876,4.9214163912892245e-05,0.012401969306048847,1.5291229607970604,0.12623396425485325,0.9436668142509124,0.8963366602397973,-0.04078720553837695,0.07030004405577156,0.01678390836885506,0.3321946427759296
014031,Carhart4,6876,8.479300544279918e-05,0.02136783737158539,2.5929162545486704,0.009516594061883238,0.9472328896168052,0.953573393386757,0.04888019106487265,-0.16070936738417624,0.009696845250722255,0.11895742577354047
019609,Carhart4,6876,7.287569264148446e-05,0.018364674545654085,1.5606694807050294,0.11860175572968908,0.904850973673921,0.8859068348054242,0.019092256221593714,0.16241797573362415,-0.0321435645599502,0.3321946427759296
021120,Carhart4,6876,7.941746956708154e-05,0.020013202330904548,0.8234959843759133,0.4102259998070962,0.7860901252355007,1.1225981410858377,0.22235909080512473,-0.5732323213069362,-0.09596933485549047,0.5979920883083356
022641,Carhart4,6876,-2.4011494555090403e-05,-0.006050896627882781,-0.27742571769978974,0.7814532364500757,0.8435989641304676,1.1939854124886644,0.7893003980826487,-0.19261733874689096,0.09388994249312202,0.9088881323390073
024805,Carhart4,6350,0.00012050787652573847,0.030367984884486093,1.3273215146194175,0.18440234986224735,0.8264118327700334,1.1623487167272368,0.17146534500331043,-0.7093396279619768,-0.17521366095296692,0.4120122011050167
024833,Carhart4,5325,5.674228850782276e-05,0.014299056703971335,1.1956739524794635,0.2318238198994853,0.9285450726256134,0.9665154087552763,0.24901111993377611,-0.07934783212439851,-0.004843467994171792,0.4636476397989706
026970,Carhart4,6876,5.525406867070094e-06,0.0013924025305016637,0.17587837690596198,0.8603894932633259,0.9406786947946184,0.8384500300491075,-0.11816252517069553,0.160944977648958,-0.012869117847225213,0.9553901751322182
026982,Carhart4,6876,-1.4640739319090481e-06,-0.0003689466308410801,-0.07994327480635231,0.936282371629574,0.9852318053971372,0.9872831248607461,-0.10544307271421646,0.00633919470516694,-0.014653097308498389,0.9553901751322182
026985,Carhart4,6876,2.9504924814912284e-05,0.007435241053357896,0.8088621163531007,0.41859446181583493,0.9506151527660127,1.076529616262515,-0.09265396905402909,-0.2645144786035022,0.022933481960405882,0.5979920883083356
026998,Carhart4,6876,7.327957486392303e-05,0.018466452865708603,1.4166099733930078,0.15659699098649613,0.9117579716446463,1.0156049095254238,0.562551349648957,-0.27545029635852225,-0.049876276398372554,0.3728499785392765
027045,Carhart4,6876,1.3719475436421374e-05,0.0034573078099781863,0.33724068578041766,0.7359354690244567,0.9423663849030531,0.8695115619598692,0.6934963329683547,0.4421359734673052,-0.005667408505486396,0.9088881323390073
027354,Carhart4,5367,-6.360188844987952e-06,-0.001602767588936964,-0.10612781995890143,0.9154809386512478,0.9082706835852093,1.1540817940753347,0.12688091112882743,-0.4127241813860535,-0.036224392768886164,0.9553901751322182
030782,Carhart4,6874,-9.097603453777697e-05,-0.022925960703519797,-1.892090165168564,0.058478968464047466,0.9053118713151452,0.935202593152193,-0.020157218416920065,0.33232816470250093,-0.12387256276169205,0.2203708284013559
031187,Carhart4,6876,6.2597991432603234e-06,0.0015774693841016014,0.11255328237662973,0.91038472486377,0.7900307172024315,0.7370838067688803,-0.12571887551699057,0.20633590336631424,0.022695103374486485,0.9553901751322182
031208,Carhart4,6132,-4.3880170363961016e-05,-0.011057802931718177,-1.1382067356335084,0.2550341667776892,0.9484807557390794,1.105516327741916,0.01108784559808867,-0.40538257076472267,0.011390616293655318,0.4791282187182759
031217,Carhart4,6876,1.680893521914981e-05,0.004235851675225752,0.47201505051670534,0.6369160459004932,0.923416068282605,0.8307059068351812,-0.15952419007476248,0.3341291228213458,-0.014498576724392247,0.8380474288164385
031235,Carhart4,6876,6.689063860963439e-05,0.016856440929627865,2.2454633077713004,0.024738405209303257,0.8990130172427897,0.5671883679679062,-0.10973913807139793,0.0934095761047555,-0.001523065828428814,0.17877180958243152
031298,Carhart4,4923,-4.8673547849890914e-05,-0.01226573405817251,-1.8710387306251695,0.06133971287260846,0.9721269629949782,0.8452546619425162,-0.014358497159234433,0.04404516665004745,-0.012820234103000263,0.2203708284013559
031302,Carhart4,6876,0.0001156939378824522,0.029154872346377952,2.3068104857166603,0.021065387437675318,0.10579913279918263,0.07194374017966086,0.0274955640686926,0.0188294724929209,-0.01977038321235982,0.17877180958243152
031304,Carhart4,6876,6.329512699274547e-05,0.015950372002171857,3.256321570991989,0.001128658442223103,0.01541693232208674,-0.013246782803949966,0.008371330972024927,-0.012144269458285575,-0.00163799506892668,0.05643292211115515
031363,Carhart4,5477,9.296194876360298e-05,0.02342641108842795,1.5319811688559564,0.12552708176156385,0.9004653262615775,1.1499114377255724,0.004280858902631265,-0.37714113101504493,0.016153751615130343,0.3321946427759296
031456,Carhart4,6319,2.827567112673141e-05,0.007125469123936316,1.1293997503783801,0.25872923810786896,0.9759990654836903,1.051281924447105,-0.07113133222737426,-0.29564985524571197,0.023875058393526594,0.4791282187182759
031461,Carhart4,6319,-8.132961611415047e-06,-0.002049506326076592,-1.0029617352605196,0.31587932394330054,0.996912894046519,0.994430599463442,-0.13190258997179793,0.016132170163833934,-0.000506474274923458,0.5506748404318332
031462,Carhart4,6319,-7.295492797504515e-06,-0.0018384641849711377,-1.540516325207566,0.12343454656371622,0.9989403319543093,1.0013663514326316,-0.005015021357643076,0.02239042701255016,-0.0016214123590322736,0.3321946427759296
031950,Carhart4,6876,6.611969586645304e-05,0.016662163358346166,0.9088195320852746,0.3634453946850099,0.8598804576104662,1.0122890066847154,0.702406410694528,-0.2783449151827808,-0.06862319927517065,0.5506748404318332
031959,Carhart4,6876,1.8200699185957905e-05,0.004586576194861392,0.5547749050871342,0.5790486339820393,0.9372440666636435,0.8531229578056223,-0.18213418448358593,0.19287530162047142,-0.007502168876509882,0.7824981540297828
036540,Carhart4,4569,-0.00014559647918133977,-0.03669031275369762,-1.8914871512072098,0.05855934456437769,0.8024893648965983,0.8840154065832827,-0.06254769322969901,-0.03957088462943623,0.01531378656913409,0.2203708284013559
052301,Carhart4,3683,-1.0846885120421225e-07,-2.7334150503461486e-05,-0.01138622456651974,0.9909153035122236,0.9972663642007916,0.9879053864313395,-0.12688451814743337,0.015607086836563061,-0.005088286753070983,0.9909153035122236
052819,Carhart4,3627,7.939044024550198e-05,0.0200063909418665,1.4836838900700058,0.13789280210258786,0.1330240329882072,0.06908567679999228,-0.034133790045013934,0.0278754002704829,-0.007530961236991146,0.34473200525646963
052832,Carhart4,3646,-6.855458254875035e-05,-0.017275754802285086,-0.940629047573151,0.3468949907857912,0.8803600311942328,0.9811448500665652,0.2643933171990076,-0.1589212418734934,-0.07801914652458605,0.5506748404318332
053175,Carhart4,3599,-1.3035653068065288e-05,-0.0032849845731524525,-1.9120736343934037,0.05586675006392096,0.998784668480579,0.9960133747681374,-0.007054841029400537,0.020879640291477704,-0.004310193683823965,0.2203708284013559
064961,Carhart4,2578,6.555837045680907e-05,0.016520709355115886,0.4263117991475416,0.669880661287227,0.413385482497741,0.5192552419621862,0.1415783968936209,-0.1828275831660532,-0.04820470762294761,0.8588213606246501
087002,Carhart4,2467,0.0001250510162225084,0.03151285608807212,1.2908397098014275,0.19675926496776164,0.16541294897301573,0.12995706926075856,-0.006167535159157741,0.0038149424948340613,-0.03720486722115605,0.4120122011050167
091487,Carhart4,2154,-0.00010439987043204892,-0.026308767348876327,-0.9276092535548787,0.353610295921551,0.7207023482314902,0.6435170181153691,-0.05365923542544556,0.2292267808381125,-0.02120235289444815,0.5506748404318332
093577,Carhart4,1926,-9.182322450723123e-06,-0.0023139452575822272,-0.12568888124503957,0.8999782035459617,0.3302175026290911,0.13043158628406518,0.02646348801533417,0.004687187983389977,-0.014356896420588768,0.9553901751322182
100948,Carhart4,741,3.0012349697679153e-06,0.0007563112123815147,0.30353274521449913,0.7614838967075414,0.9990315392303792,0.9955245982411426,-0.08451020084183507,-0.03413971609941001,0.0034491156558079964,0.9088881323390073
004717,FF3,6876,3.192704480236403e-05,0.008045615290195735,1.0782185357659912,0.28093624188195443,0.953800864265621,0.9000910059962222,0.05187157692392673,-0.05684364360107684,,0.50167186050349
004905,FF3,6876,3.126828588287581e-05,0.007879608042484705,0.7993337522536161,0.42409691271688454,0.8661438031637089,0.642020459816146,-0.07449775438321321,0.24465886214633825,,0.6236719304660067
005079,FF3,6876,1.8946027460576515e-05,0.004774398920065282,0.5549487940394441,0.5789296855921306,0.953623644632207,1.0414933120861545,-0.0465008727881375,-0.3165943338684597,,0.7617495863054351
005846,FF3,6350,9.54722059049166e-05,0.024058995888038982,2.7959753311125204,0.005174334982824114,0.03915755360286255,-0.03563733725357041,0.01600873787125275,-0.03764218458003936,,0.06467918728530142
007826,FF3,6876,-2.6523685721033622e-05,-0.006683968801700473,-0.6446307415767617,0.5191665081930467,0.955220443549492,0.9851900370830069,0.8026910194465073,0.5365126673070898,,0.7210645947125648
009980,FF3,6876,7.210258229406561e-05,0.018169850738104534,0.9820132053272097,0.32609334263030687,0.7177101104237897,0.7933420194477195,-0.052394939150555084,0.15109568363467735,,0.5292853256076004
010063,FF3,5684,-0.00011703261935408863,-0.029492220077230336,-2.7967024018795317,0.005162706272323828,0.9081565719018224,0.8426674099976856,-0.10580002069412434,0.012853333273414397,,0.06467918728530142
011809,FF3,6876,0.00012133849662689883,0.030577301149978506,3.0089488606332377,0.0026215323839831636,0.9091115942933455,0.879646253167909,-0.01469943206726309,-0.1529821623099882,,0.06467918728530142
011974,FF3,6876,8.640299580504813e-05,0.021773554942872128,2.1305095248210315,0.03312957029686802,0.9054842139257159,0.7545819375195555,0.26495272667139724,0.28466203280547375,,0.16564785148434008
011980,FF3,6876,5.504673113464853e-05,0.01387177624593143,1.452739037498,0.14629622384352292,0.9489753617167594,1.0708037980689873,0.024007250063895653,-0.2975062222965588,,0.3849900627461129
012009,FF3,6876,6.332914612919908e-05,0.015958944824558167,2.2312028555332226,0.025667694918730954,0.0037750637015383504,-0.004331509740317043,-0.002165578736472269,-0.011893074608766277,,0.1500545677498696
012017,FF3,6876,0.00015932433659389403,0.040149732821661295,1.7134130181561493,0.08663658300632562,0.8217333920596344,1.2778884336166443,0.2187133699104092,-0.5929885837108038,,0.30444115229641405
012026,FF3,6876,0.00010109951379379649,0.025477077476036714,1.1465341790965125,0.2515741933831751,0.6546733551042077,0.7687225140503917,0.07964132815459624,-0.1883482598747266,,0.50167186050349
013216,FF3,6876,5.347013752625835e-05,0.013474474656617103,1.6884110764670794,0.09133234568892422,0.9434638483737356,0.8930115591846792,-0.04115694834193011,0.06268685922328328,,0.30444115229641405
014031,FF3,6876,8.725187953894384e-05,0.02198747364381385,2.665652750081873,0.007683901558858487,0.9471747096391814,0.9516523277049205,0.0486665734336377,-0.16510785869879618,,0.07683901558858487
019609,FF3,6876,6.472489965577129e-05,0.016310674713254366,1.39321256898323,0.16355552005790996,0.904149547743929,0.8922748748402383,0.019800366121588687,0.1769983042716445,,0.4088888001447749
021120,FF3,6876,5.508207951023095e-05,0.0138806840365782,0.5734286209841106,0.5663545160265882,0.7831430501832694,1.1416108602674466,0.2244732569543204,-0.5297006081654592,,0.7617495863054351
022641,FF3,6876,-2.0338567912663383e-07,-5.1253191139911724e-05,-0.0023268028774486747,0.9981434815832543,0.840977744359478,1.1753846468035913,0.7872320401173922,-0.23520583901767866,,0.9981434815832543
024805,FF3,6350,8.267728386904654e-05,0.020834675534999725,0.8862842396515124,0.3754643795617547,0.8170044322184392,1.203292815397017,0.18255202580677843,-0.6400529326422231,,0.5688854235784163
024833,FF3,5325,5.605527358805825e-05,0.01412592894419068,1.1842976908495255,0.23629524259449763,0.9285324238833799,0.9672559564957249,0.24958698710291,-0.07675289189010516,,0.4998508261724268
026970,FF3,6876,2.2621248721455926e-06,0.0005700554677806894,0.07288013448995,0.941901502278617,0.9405451036064696,0.8409995623982968,-0.11787902364009134,0.16678241256869425,,0.9611239819169562
026982,FF3,6876,-5.179727886148998e-06,-0.0013052914273095474,-0.2820540994463012,0.7779020281613048,0.9850996124725208,0.9901860857355573,-0.10512027082799766,0.012985843133315786,,0.8839795774560283
026985,FF3,6876,3.532027437123589e-05,0.008900709141551444,0.97383489311132,0.33013852486523065,0.950357117859979,1.0719862081725626,-0.09315918450974536,-0.27491711148137804,,0.5292853256076004
026998,FF3,6876,6.063221576151571e-05,0.015279318371901959,1.1751657832534381,0.23992839656276488,0.9106644494943043,1.025486020386663,0.5636501041143098,-0.2528264055083006,,0.4998508261724268
027045,FF3,6876,1.2282364334221235e-05,0.003095155812223751,0.3096295179639199,0.7568427065967931,0.9423484348084195,0.8706343460925765,0.6936211837160857,0.4447067113148473,,0.8800496588334804
027354,FF3,5367,-1.1694494969110995e-05,-0.0029470127322159707,-0.1951832897937969,0.8452494602905337,0.9077674581643147,1.1596469400895877,0.13121177833115516,-0.3934165394249724,,0.9187494133592757
030782,FF3,6874,-0.0001223736682136455,-0.030838164389838666,-2.413335050338449,0.015807281064802798,0.8967132178140053,0.9597408323396891,-0.01742136348727232,0.38851162767927405,,0.13172734220669
031187,FF3,6876,1.2014701934162356e-05,0.0030277048874089137,0.21838201908660265,0.8271314741482271,0.7895758287886623,0.7325876244424474,-0.12621883958758745,0.196041399071771,,0.9187494133592757
031208,FF3,6132,-4.184245382533069e-05,-0.010544298363983334,-1.0871608836048483,0.2769657146340031,0.9484236495049174,1.1032725482345822,0.010421398156172886,-0.41085785678055586,,0.50167186050349
031217,FF3,6876,1.313246376722028e-05,0.0033093808693395108,0.3730370620266375,0.7091208601187116,0.9232540523328592,0.8335782552599038,-0.1592047922153489,0.34070568067575147,,0.864781536730136
031235,FF3,6876,6.650442773225486e-05,0.016759115788528223,2.2653953535516176,0.02348842921908681,0.899009065932031,0.567490106256856,-0.10970558553899476,0.0941004391271846,,0.1500545677498696
031298,FF3,4923,-5.0022383018471265e-05,-0.012605640520654758,-1.9173161109394052,0.05519778438174428,0.9720019178814713,0.8473049407082709,-0.012562606931285462,0.05100605952040944,,0.22999076825726783
031302,FF3,6876,0.00011068066996961943,0.027891528832344095,2.211375829430531,0.02700982219497653,0.10205840914761155,0.07586049905576867,0.027931097721261088,0.027797323025525608,,0.1500545677498696
031304,FF3,6876,6.28797729739475e-05,0.01584570278943477,3.2505771927608706,0.0011517099767742618,0.015306152045682198,-0.012922275602631336,0.008407415349732536,-0.011401274505001377,,0.05758549883871309
031363,FF3,5477,9.527032174681688e-05,0.024008121080197852,1.5751298478453228,0.11522647574046833,0.9003610433833173,1.1474700326406948,0.002487873474582592,-0.3857167091536345,,0.3389013992366716
031456,FF3,6319,3.360067267184224e-05,0.008467369513304245,1.334421550970539,0.18206574104985274,0.9756909667728252,1.045646364217987,-0.07261691641305142,-0.3049731177013313,,0.43348985964250647
031461,FF3,6319,-8.245923693147706e-06,-0.002077972770673222,-1.0208671255711081,0.30731739625185883,0.9969127346409704,0.994550149591185,-0.13187107548664487,0.0163299494745399,,0.5292853256076004
031462,FF3,6319,-7.657126397555325e-06,-0.0019295958521839418,-1.633706196774357,0.10232055658109057,0.9989387449069845,1.0017490758161678,-0.004914131779936642,0.023023592080583778,,0.31975173931590806
031950,FF3,6876,4.871859244290105e-05,0.012277085295611065,0.6677988902556964,0.5042619750517008,0.8580320245778497,1.025884116196801,0.70391815238968,-0.24721741565185856,,0.7203742500738582
031959,FF3,6876,1.6298339373253192e-05,0.004107181522059805,0.5033752779427069,0.6147004496199018,0.9372003880316526,0.8546092307939341,-0.18196891469706372,0.1962782872091799,,0.7880774995126946
036540,FF3,4569,-0.00014406887535130112,-0.03630535658852788,-1.8791444734286815,0.060224768988311306,0.8023472495395516,0.8814022345876984,-0.06478413345523654,-0.04786164940487207,,0.2316337268781204
052301,FF3,3683,-8.063535991924374e-07,-0.0002032011069964942,-0.08454548298889009,0.9326227420670107,0.9972483670861769,0.9883092564508388,-0.12541851845117513,0.017753554679869075,,0.9611239819169562
052819,FF3,3627,7.836486391551573e-05,0.019747945706709964,1.475777224224284,0.14000370689422867,0.13200725269458402,0.06971430339210842,-0.03190802425225631,0.03103790210083344,,0.3849900627461129
052832,FF3,3646,-7.895799689354591e-05,-0.01989741521717357,-1.0861529289985543,0.27741133859213896,0.8771650315136328,0.9875920746025172,0.287336293601322,-0.12607977482276547,,0.50167186050349
053175,FF3,3599,-1.3693121370179417e-05,-0.0034506665852852133,-2.0341160911037113,0.04193989195354128,0.9987718186033837,0.9964483941126425,-0.005752258800237244,0.022700289358752426,,0.1906358725160967
064961,FF3,2578,6.186048973513991e-05,0.015588843413255258,0.40257966841722087,0.687257469137411,0.41120939700533576,0.5243273554012529,0.15842614355057144,-0.16379797607403968,,0.8590718364217638
087002,FF3,2467,0.00012104826396824433,0.03050416251999757,1.2528225149845686,0.2102703058642179,0.15632255589381494,0.13355720852755937,0.006555815174556948,0.018033731108411447,,0.4778870587823134
091487,FF3,2154,-0.0001075575979190274,-0.027104514675594906,-0.9566526430505738,0.3387426083888643,0.7201302590996719,0.6455667786386936,-0.04628546492252779,0.23751882551479384,,0.5292853256076004
093577,FF3,1926,-1.0447758653025684e-05,-0.002632835180562472,-0.14320102793492806,0.8861314180150421,0.3275127502487055,0.1320140327997675,0.0315158554747818,0.01026970617638707,,0.9426929978883427
100948,FF3,741,3.2446888187945647e-06,0.0008176615823362303,0.3317547728632552,0.7400744378753108,0.9990227900192997,0.9957560540227498,-0.0859791894257163,-0.035062247430273724,,0.8800496588334804
